Workbook

Sheet Лист1
A1: Маx показ | B1: Сумма
A2: 0 | B2: =2^A2 -> 1
A3: 1 | B3: =2^A3 -> 2
A4: 2 | B4: =2^A4 -> 4
A5: 3 | B5: =2^A5 -> 8
A6: 4 | B6: =2^A6 -> 16
A7: 5 | B7: =2^A7 -> 32
A8: 6 | B8: =2^A8 -> 64
A9: 7 | B9: =2^A9 -> 128
A10: 8 | B10: =2^A10 -> 256
A11: 9 | B11: =2^A11 -> 512
A12: 10 | B12: =2^A12 -> 1024
A13: 11 | B13: =2^A13 -> 2048
... A25: 23 | B25: =2^A25 -> 8388608

Sheet Лист2
A1: Маx показ | B1: Сумма
A2: 0 | B2: =3^A2 -> 1
A3: 1 | B3: =3^A3 -> 3
A4: 2 | B4: =3^A4 -> 9
A5: 3 | B5: =3^A5 -> 27
A6: 4 | B6: =3^A6 -> 81
A7: 5 | B7: =3^A7 -> 243
A8: 6 | B8: =3^A8 -> 729
A9: 7 | B9: =3^A9 -> 2187
A10: 8 | B10: =3^A10 -> 6561
A11: 9 | B11: =3^A11 -> 19683
A12: 10 | B12: =3^A12 -> 59049
A13: 11 | B13: =3^A13 -> 177147
... A25: 23 | B25: =3^A25 -> 94143178827

Sheet Лист3
A1: Маx показ | B1: Сумма для 2 | C1: Сумма для 3
A2: 0 | B2: =VLOOKUP('Лист1'!A2, 'Лист1'!A1:B25, 2, FALSE) -> 1 | C2: =VLOOKUP('Лист2'!A2, 'Лист2'!$A$1:$B$25, 2, FALSE) -> 1
A3: 1 | B3: =VLOOKUP('Лист1'!A3, 'Лист1'!A2:B26, 2, FALSE) -> 2 | C3: =VLOOKUP('Лист2'!A3, 'Лист2'!$A$1:$B$25, 2, FALSE) -> 3
A4: 2 | B4: =VLOOKUP('Лист1'!A4, 'Лист1'!A3:B27, 2, FALSE) -> 4 | C4: =VLOOKUP('Лист2'!A4, 'Лист2'!$A$1:$B$25, 2, FALSE) -> 9
A5: 3 | B5: =VLOOKUP('Лист1'!A5, 'Лист1'!A4:B28, 2, FALSE) -> 8 | C5: =VLOOKUP('Лист2'!A5, 'Лист2'!$A$1:$B$25, 2, FALSE) -> 27
A6: 4 | B6: =VLOOKUP('Лист1'!A6, 'Лист1'!A5:B29, 2, FALSE) -> 16 | C6: =VLOOKUP('Лист2'!A6, 'Лист2'!$A$1:$B$25, 2, FALSE) -> 81
A7: 5 | B7: =VLOOKUP('Лист1'!A7, 'Лист1'!A6:B30, 2, FALSE) -> 32 | C7: =VLOOKUP('Лист2'!A7, 'Лист2'!$A$1:$B$25, 2, FALSE) -> 243
A8: 6 | B8: =VLOOKUP('Лист1'!A8, 'Лист1'!A7:B31, 2, FALSE) -> 64 | C8: =VLOOKUP('Лист2'!A8, 'Лист2'!$A$1:$B$25, 2, FALSE) -> 729
A9: 7 | B9: =VLOOKUP('Лист1'!A9, 'Лист1'!A8:B32, 2, FALSE) -> 128 | C9: =VLOOKUP('Лист2'!A9, 'Лист2'!$A$1:$B$25, 2, FALSE) -> 2187
A10: 8 | B10: =VLOOKUP('Лист1'!A10, 'Лист1'!A9:B33, 2, FALSE) -> 256 | C10: =VLOOKUP('Лист2'!A10, 'Лист2'!$A$1:$B$25, 2, FALSE) -> 6561
A11: 9 | B11: =VLOOKUP('Лист1'!A11, 'Лист1'!A10:B34, 2, FALSE) -> 512 | C11: =VLOOKUP('Лист2'!A11, 'Лист2'!$A$1:$B$25, 2, FALSE) -> 19683
A12: 10 | B12: =VLOOKUP('Лист1'!A12, 'Лист1'!A11:B35, 2, FALSE) -> 1024 | C12: =VLOOKUP('Лист2'!A12, 'Лист2'!$A$1:$B$25, 2, FALSE) -> 59049
A13: 11 | B13: =VLOOKUP('Лист1'!A13, 'Лист1'!A12:B36, 2, FALSE) -> 2048 | C13: =VLOOKUP('Лист2'!A13, 'Лист2'!$A$1:$B$25, 2, FALSE) -> 177147
... A25: 23 | B25: =VLOOKUP('Лист1'!A25, 'Лист1'!A24:B48, 2, FALSE) -> 8388608 | C25: =VLOOKUP('Лист2'!A25, 'Лист2'!$A$1:$B$25, 2, FALSE) -> 94143178827

Sheet Лист4
A1: Статистическая функция | B1: Для А (Лист 3) | C1: Для В (Лист 3) | D1: Для С (Лист 3)
A2: Среднее значение | B2: =AVERAGE('Лист3'!A2:A25) -> 11.5 | C2: =AVERAGE('Лист3'!B2:B25) -> 699050.62 | D2: =AVERAGE('Лист3'!C2:C25) -> 5.8839487e+09
A3: Мах значение | B3: =MAX('Лист3'!A2:A25) -> 23 | C3: =MAX('Лист3'!B2:B25) -> 8388608 | D3: =MAX('Лист3'!C2:C25) -> 94143178827
A4: Мin значение | B4: =MIN('Лист3'!A2:A25) -> 0 | C4: =MIN('Лист3'!B2:B25) -> 1 | D4: =MIN('Лист3'!C2:C25) -> 1
A5: Медиана | B5: =MEDIAN('Лист3'!A2:A25) -> 11.5 | C5: =MEDIAN('Лист3'!B2:B25) -> 3072 | D5: =MEDIAN('Лист3'!C2:C25) -> 354294
A6: Мода | B6: =_XLFN.MODE.SNGL('Лист3'!A2:A25) -> #N/A | C6: =_XLFN.MODE.SNGL('Лист3'!B2:B25, ) -> #N/A | D6: =_XLFN.MODE.SNGL('Лист3'!C2:C25) -> #N/A
A7: Дисперсия | B7: =_XLFN.VAR.P('Лист3'!A2:A25) -> 47.916667 | C7: =_XLFN.VAR.P('Лист3'!B2:B25) -> 3.4207029e+12 | D7: =_XLFN.VAR.P('Лист3'!C2:C25) -> 3.8082937e+20

Sheet Лист5
B1: 2021 | C1: 2022 | D1: 2023 | E1: 2024 | F1: 2025 | G1: 2026 | H1: 2027
A2: Колледж 1 | B2: 1510000 | C2: 2236476 | D2: 1934765 | E2: 4543534 | F2: 2348887 | G2: 1170004 | H2: 2344598
A3: Колледж 2 | B3: 237800 | C3: 732647 | D3: 567672 | E3: 234234 | F3: 323217 | G3: 634423 | H3: 235455
A4: Колледж 3 | B4: 3211400 | C4: 4873837 | D4: 3654654 | E4: 3453453 | F4: 5435323 | G4: 4586959 | H4: 8576885
A5: Колледж 4 | B5: 4961201 | C5: 7844962 | D5: 6159094 | E5: 8233225 | F5: 8109432 | G5: 6393392 | H5: 11158945
